adapter_backend,adapter_name,vendor_id,device_id,max_texture_dimension_2d,max_texture_array_layers,raw_width,raw_height,tile_size,tile_halo,viewport_width,viewport_height,zoom,validate_ms,atlas_plan_ms,texture_allocate_ms,halo_pack_ms,row_pack_ms,write_enqueue_ms,uniform_write_ms,bind_ms,upload_total_ms,upload_enqueue_ms,upload_wait_ms,render_p50_ms,render_p95_ms,render_p99_ms,gpu_complete
Metal,"Apple M5",0,0,32768,2048,1024,1024,4096,1,1280,720,0.5,0.001,0.000,0.089,36.338,8.932,11.985,0.109,0.119,57.576,57.58,0.006,1.087,2.498,2.907,true
Metal,"Apple M5",0,0,32768,2048,1024,1024,4096,1,1280,720,1,0.001,0.000,0.089,36.338,8.932,11.985,0.109,0.119,57.576,57.58,0.006,1.047,1.343,2.544,true
Metal,"Apple M5",0,0,32768,2048,1024,1024,4096,1,1280,720,2,0.001,0.000,0.089,36.338,8.932,11.985,0.109,0.119,57.576,57.58,0.006,1.448,3.053,3.277,true
Metal,"Apple M5",0,0,32768,2048,1024,1024,4096,1,1280,720,8,0.001,0.000,0.089,36.338,8.932,11.985,0.109,0.119,57.576,57.58,0.006,1.339,1.930,2.838,true
Metal,"Apple M5",0,0,32768,2048,1024,1024,4096,1,2560,1440,0.5,0.001,0.000,0.089,36.338,8.932,11.985,0.109,0.119,57.576,57.58,0.006,1.250,1.655,2.373,true
Metal,"Apple M5",0,0,32768,2048,1024,1024,4096,1,2560,1440,1,0.001,0.000,0.089,36.338,8.932,11.985,0.109,0.119,57.576,57.58,0.006,1.517,3.113,3.267,true
Metal,"Apple M5",0,0,32768,2048,1024,1024,4096,1,2560,1440,2,0.001,0.000,0.089,36.338,8.932,11.985,0.109,0.119,57.576,57.58,0.006,1.207,1.606,1.838,true
Metal,"Apple M5",0,0,32768,2048,1024,1024,4096,1,2560,1440,8,0.001,0.000,0.089,36.338,8.932,11.985,0.109,0.119,57.576,57.58,0.006,1.151,1.392,1.519,true
Metal,"Apple M5",0,0,32768,2048,1024,1024,4096,1,3840,2160,0.5,0.001,0.000,0.089,36.338,8.932,11.985,0.109,0.119,57.576,57.58,0.006,0.770,1.282,1.488,true
Metal,"Apple M5",0,0,32768,2048,1024,1024,4096,1,3840,2160,1,0.001,0.000,0.089,36.338,8.932,11.985,0.109,0.119,57.576,57.58,0.006,1.446,2.175,2.626,true
Metal,"Apple M5",0,0,32768,2048,1024,1024,4096,1,3840,2160,2,0.001,0.000,0.089,36.338,8.932,11.985,0.109,0.119,57.576,57.58,0.006,2.607,3.763,4.210,true
Metal,"Apple M5",0,0,32768,2048,1024,1024,4096,1,3840,2160,8,0.001,0.000,0.089,36.338,8.932,11.985,0.109,0.119,57.576,57.58,0.006,2.775,3.768,4.064,true
Metal,"Apple M5",0,0,32768,2048,2048,1536,4096,1,1280,720,0.5,0.001,0.000,0.043,45.157,5.927,12.023,0.061,0.055,63.271,63.27,0.006,0.606,1.447,1.505,true
Metal,"Apple M5",0,0,32768,2048,2048,1536,4096,1,1280,720,1,0.001,0.000,0.043,45.157,5.927,12.023,0.061,0.055,63.271,63.27,0.006,1.315,5.636,6.594,true
Metal,"Apple M5",0,0,32768,2048,2048,1536,4096,1,1280,720,2,0.001,0.000,0.043,45.157,5.927,12.023,0.061,0.055,63.271,63.27,0.006,1.139,4.632,5.390,true
Metal,"Apple M5",0,0,32768,2048,2048,1536,4096,1,1280,720,8,0.001,0.000,0.043,45.157,5.927,12.023,0.061,0.055,63.271,63.27,0.006,1.063,5.900,6.501,true
Metal,"Apple M5",0,0,32768,2048,2048,1536,4096,1,2560,1440,0.5,0.001,0.000,0.043,45.157,5.927,12.023,0.061,0.055,63.271,63.27,0.006,1.573,4.234,6.552,true
Metal,"Apple M5",0,0,32768,2048,2048,1536,4096,1,2560,1440,1,0.001,0.000,0.043,45.157,5.927,12.023,0.061,0.055,63.271,63.27,0.006,1.363,2.102,6.019,true
Metal,"Apple M5",0,0,32768,2048,2048,1536,4096,1,2560,1440,2,0.001,0.000,0.043,45.157,5.927,12.023,0.061,0.055,63.271,63.27,0.006,2.260,6.423,6.498,true
Metal,"Apple M5",0,0,32768,2048,2048,1536,4096,1,2560,1440,8,0.001,0.000,0.043,45.157,5.927,12.023,0.061,0.055,63.271,63.27,0.006,2.556,4.742,5.509,true
Metal,"Apple M5",0,0,32768,2048,2048,1536,4096,1,3840,2160,0.5,0.001,0.000,0.043,45.157,5.927,12.023,0.061,0.055,63.271,63.27,0.006,2.216,5.042,9.090,true
Metal,"Apple M5",0,0,32768,2048,2048,1536,4096,1,3840,2160,1,0.001,0.000,0.043,45.157,5.927,12.023,0.061,0.055,63.271,63.27,0.006,5.192,6.712,7.526,true
Metal,"Apple M5",0,0,32768,2048,2048,1536,4096,1,3840,2160,2,0.001,0.000,0.043,45.157,5.927,12.023,0.061,0.055,63.271,63.27,0.006,5.428,6.688,6.768,true
Metal,"Apple M5",0,0,32768,2048,2048,1536,4096,1,3840,2160,8,0.001,0.000,0.043,45.157,5.927,12.023,0.061,0.055,63.271,63.27,0.006,4.811,6.558,7.130,true
Metal,"Apple M5",0,0,32768,2048,4096,3072,4096,1,1280,720,0.5,0.001,0.000,0.042,30.991,10.473,10.776,0.053,0.038,52.378,52.38,0.005,1.449,2.245,2.649,true
Metal,"Apple M5",0,0,32768,2048,4096,3072,4096,1,1280,720,1,0.001,0.000,0.042,30.991,10.473,10.776,0.053,0.038,52.378,52.38,0.005,1.710,2.215,2.352,true
Metal,"Apple M5",0,0,32768,2048,4096,3072,4096,1,1280,720,2,0.001,0.000,0.042,30.991,10.473,10.776,0.053,0.038,52.378,52.38,0.005,2.108,3.251,4.118,true
Metal,"Apple M5",0,0,32768,2048,4096,3072,4096,1,1280,720,8,0.001,0.000,0.042,30.991,10.473,10.776,0.053,0.038,52.378,52.38,0.005,0.952,2.221,4.598,true
Metal,"Apple M5",0,0,32768,2048,4096,3072,4096,1,2560,1440,0.5,0.001,0.000,0.042,30.991,10.473,10.776,0.053,0.038,52.378,52.38,0.005,1.975,2.688,3.274,true
Metal,"Apple M5",0,0,32768,2048,4096,3072,4096,1,2560,1440,1,0.001,0.000,0.042,30.991,10.473,10.776,0.053,0.038,52.378,52.38,0.005,5.646,7.846,10.496,true
Metal,"Apple M5",0,0,32768,2048,4096,3072,4096,1,2560,1440,2,0.001,0.000,0.042,30.991,10.473,10.776,0.053,0.038,52.378,52.38,0.005,3.157,5.739,7.444,true
Metal,"Apple M5",0,0,32768,2048,4096,3072,4096,1,2560,1440,8,0.001,0.000,0.042,30.991,10.473,10.776,0.053,0.038,52.378,52.38,0.005,3.642,7.563,9.246,true
Metal,"Apple M5",0,0,32768,2048,4096,3072,4096,1,3840,2160,0.5,0.001,0.000,0.042,30.991,10.473,10.776,0.053,0.038,52.378,52.38,0.005,5.377,6.787,7.144,true
Metal,"Apple M5",0,0,32768,2048,4096,3072,4096,1,3840,2160,1,0.001,0.000,0.042,30.991,10.473,10.776,0.053,0.038,52.378,52.38,0.005,6.151,9.284,9.929,true
Metal,"Apple M5",0,0,32768,2048,4096,3072,4096,1,3840,2160,2,0.001,0.000,0.042,30.991,10.473,10.776,0.053,0.038,52.378,52.38,0.005,6.452,9.165,9.762,true
Metal,"Apple M5",0,0,32768,2048,4096,3072,4096,1,3840,2160,8,0.001,0.000,0.042,30.991,10.473,10.776,0.053,0.038,52.378,52.38,0.005,5.302,6.083,6.106,true
