entries,operation,repetitions,p50_us,p95_us
64,hit,20,0.015,0.015
64,rotating_hit,20,0.053,0.054
64,single_eviction,20,0.208,0.292
64,ttl_history_single_eviction,20,1.250,2.500
64,bulk_eviction,20,4.459,4.834
1024,hit,20,0.015,0.015
1024,rotating_hit,20,0.077,0.086
1024,single_eviction,20,0.292,0.334
1024,ttl_history_single_eviction,20,12.542,13.083
1024,bulk_eviction,20,73.292,76.291
4096,hit,20,0.015,0.016
4096,rotating_hit,20,0.090,0.093
4096,single_eviction,20,0.292,0.333
4096,ttl_history_single_eviction,20,46.375,48.250
4096,bulk_eviction,20,298.750,302.417
16384,hit,20,0.015,0.015
16384,rotating_hit,20,0.108,0.112
16384,single_eviction,20,0.333,0.375
16384,ttl_history_single_eviction,20,180.625,189.750
16384,bulk_eviction,20,1250.584,1266.041
