kind,fixture,iteration,width,height,decode_ms,upload_enqueue_ms,halo_pack_ms,row_pack_ms,enqueue_write_ms,frame_complete_ms,total_ms
sample,IMG_9043.CR3,1,6188,4120,46.704,17.041,8.508,0.001,8.388,11.977,75.772
sample,IMG_9043.CR3,2,6188,4120,46.593,16.946,8.348,0.001,8.462,13.413,77.006
sample,IMG_9043.CR3,3,6188,4120,46.787,17.440,8.597,0.001,8.700,7.304,71.587
sample,IMG_9043.CR3,4,6188,4120,46.599,16.340,7.980,0.001,8.218,12.293,75.285
sample,IMG_9043.CR3,5,6188,4120,46.377,17.373,8.707,0.001,8.515,12.277,76.085
sample,IMG_9043.CR3,6,6188,4120,46.637,17.157,8.531,0.001,8.486,11.229,75.078
sample,IMG_9043.CR3,7,6188,4120,46.645,17.001,8.332,0.000,8.525,11.748,75.449
sample,IMG_9043.CR3,8,6188,4120,46.338,15.926,7.340,0.001,8.445,13.373,75.691
sample,IMG_9043.CR3,9,6188,4120,46.672,15.978,7.825,0.000,8.020,12.594,75.297
sample,IMG_9043.CR3,10,6188,4120,46.559,17.046,8.404,0.001,8.502,12.545,76.206
sample,IMG_9043.CR3,11,6188,4120,46.471,17.288,8.532,0.001,8.613,12.085,75.894
sample,IMG_9043.CR3,12,6188,4120,46.470,16.555,7.641,0.001,8.783,11.713,74.799
sample,IMG_9043.CR3,13,6188,4120,46.198,16.630,8.376,0.001,8.093,12.402,75.290
sample,IMG_9043.CR3,14,6188,4120,46.205,16.205,8.212,0.000,7.867,11.624,74.088
sample,IMG_9043.CR3,15,6188,4120,46.643,17.397,8.546,0.001,8.714,12.063,76.163
resident,IMG_9043.CR3,3,1920,1080,,,,,,,1.449
resident,IMG_9043.CR3,4,1920,1080,,,,,,,1.895
resident,IMG_9043.CR3,5,1920,1080,,,,,,,1.366
resident,IMG_9043.CR3,6,1920,1080,,,,,,,2.453
resident,IMG_9043.CR3,7,1920,1080,,,,,,,1.430
resident,IMG_9043.CR3,8,1920,1080,,,,,,,1.948
resident,IMG_9043.CR3,9,1920,1080,,,,,,,1.432
resident,IMG_9043.CR3,10,1920,1080,,,,,,,2.062
resident,IMG_9043.CR3,11,1920,1080,,,,,,,1.393
resident,IMG_9043.CR3,12,1920,1080,,,,,,,1.918
resident,IMG_9043.CR3,13,1920,1080,,,,,,,1.331
resident,IMG_9043.CR3,14,1920,1080,,,,,,,1.902
resident,IMG_9043.CR3,15,1920,1080,,,,,,,1.349
resident,IMG_9043.CR3,16,1920,1080,,,,,,,2.237
resident,IMG_9043.CR3,17,1920,1080,,,,,,,1.412
resident,IMG_9043.CR3,18,1920,1080,,,,,,,1.843
resident,IMG_9043.CR3,19,1920,1080,,,,,,,1.211
resident,IMG_9043.CR3,20,1920,1080,,,,,,,1.664
resident,IMG_9043.CR3,21,1920,1080,,,,,,,1.523
resident,IMG_9043.CR3,22,1920,1080,,,,,,,1.857
resident,IMG_9043.CR3,23,1920,1080,,,,,,,1.191
resident,IMG_9043.CR3,24,1920,1080,,,,,,,1.717
resident,IMG_9043.CR3,25,1920,1080,,,,,,,1.224
resident,IMG_9043.CR3,26,1920,1080,,,,,,,1.856
resident,IMG_9043.CR3,27,1920,1080,,,,,,,1.273
resident,IMG_9043.CR3,28,1920,1080,,,,,,,1.675
resident,IMG_9043.CR3,29,1920,1080,,,,,,,1.144
resident,IMG_9043.CR3,30,1920,1080,,,,,,,1.718
resident,IMG_9043.CR3,31,1920,1080,,,,,,,1.196
resident,IMG_9043.CR3,32,1920,1080,,,,,,,1.702
resident,IMG_9043.CR3,33,1920,1080,,,,,,,1.207
resident,IMG_9043.CR3,34,1920,1080,,,,,,,1.715
resident,IMG_9043.CR3,35,1920,1080,,,,,,,1.193
resident,IMG_9043.CR3,36,1920,1080,,,,,,,1.541
resident,IMG_9043.CR3,37,1920,1080,,,,,,,1.116
resident,IMG_9043.CR3,38,1920,1080,,,,,,,1.696
resident,IMG_9043.CR3,39,1920,1080,,,,,,,1.080
resident,IMG_9043.CR3,40,1920,1080,,,,,,,1.533
resident,IMG_9043.CR3,41,1920,1080,,,,,,,1.040
resident,IMG_9043.CR3,42,1920,1080,,,,,,,1.567
resident,IMG_9043.CR3,43,1920,1080,,,,,,,1.122
resident,IMG_9043.CR3,44,1920,1080,,,,,,,1.660
resident,IMG_9043.CR3,45,1920,1080,,,,,,,1.179
resident,IMG_9043.CR3,46,1920,1080,,,,,,,1.611
resident,IMG_9043.CR3,47,1920,1080,,,,,,,1.118
resident,IMG_9043.CR3,48,1920,1080,,,,,,,1.563
resident,IMG_9043.CR3,49,1920,1080,,,,,,,1.124
resident,IMG_9043.CR3,50,1920,1080,,,,,,,1.597
resident,IMG_9043.CR3,51,1920,1080,,,,,,,1.208
resident,IMG_9043.CR3,52,1920,1080,,,,,,,1.596
resident,IMG_9043.CR3,53,1920,1080,,,,,,,1.066
resident,IMG_9043.CR3,54,1920,1080,,,,,,,1.511
resident,IMG_9043.CR3,55,1920,1080,,,,,,,1.121
resident,IMG_9043.CR3,56,1920,1080,,,,,,,1.557
resident,IMG_9043.CR3,57,1920,1080,,,,,,,1.104
resident,IMG_9043.CR3,58,1920,1080,,,,,,,1.541
resident,IMG_9043.CR3,59,1920,1080,,,,,,,1.086
resident,IMG_9043.CR3,60,1920,1080,,,,,,,1.516
resident,IMG_9043.CR3,61,1920,1080,,,,,,,1.043
resident,IMG_9043.CR3,62,1920,1080,,,,,,,1.550
