kind,variant,fixture,iteration_or_reps,workers,wall_ms,wall_p95_ms,total_ms,total_p95_ms,plane_wall_ms,plane_p95_ms,interleave_ms,interleave_p95_ms,digest
sample,staged-memory-current,IMG_9043.CR3,1,4,44.800,,44.776,,43.381,,5.397,,93e1edb11bcc962c1689c84709f3ac0a3b0aa5b8ab19f9116e12798316d875bd
sample,staged-memory-current,IMG_9043.CR3,2,4,44.729,,44.702,,43.247,,5.381,,93e1edb11bcc962c1689c84709f3ac0a3b0aa5b8ab19f9116e12798316d875bd
sample,staged-memory-current,IMG_9043.CR3,3,4,44.326,,44.298,,42.838,,5.378,,93e1edb11bcc962c1689c84709f3ac0a3b0aa5b8ab19f9116e12798316d875bd
sample,staged-memory-current,IMG_9043.CR3,4,4,44.349,,44.322,,42.894,,5.395,,93e1edb11bcc962c1689c84709f3ac0a3b0aa5b8ab19f9116e12798316d875bd
sample,staged-memory-current,IMG_9043.CR3,5,4,44.401,,44.357,,42.887,,5.386,,93e1edb11bcc962c1689c84709f3ac0a3b0aa5b8ab19f9116e12798316d875bd
sample,staged-memory-current,IMG_9043.CR3,6,4,46.887,,46.850,,45.333,,5.936,,93e1edb11bcc962c1689c84709f3ac0a3b0aa5b8ab19f9116e12798316d875bd
sample,staged-memory-current,IMG_9043.CR3,7,4,44.547,,44.521,,43.071,,5.388,,93e1edb11bcc962c1689c84709f3ac0a3b0aa5b8ab19f9116e12798316d875bd
sample,staged-memory-current,IMG_9043.CR3,8,4,44.564,,44.537,,43.067,,5.841,,93e1edb11bcc962c1689c84709f3ac0a3b0aa5b8ab19f9116e12798316d875bd
sample,staged-memory-current,IMG_9043.CR3,9,4,44.704,,44.660,,43.211,,5.419,,93e1edb11bcc962c1689c84709f3ac0a3b0aa5b8ab19f9116e12798316d875bd
summary,staged-memory-current,IMG_9043.CR3,9,4,44.564,46.887,44.537,46.850,43.071,45.333,5.395,5.936,93e1edb11bcc962c1689c84709f3ac0a3b0aa5b8ab19f9116e12798316d875bd
