kind,fixture,iteration,pixel_bytes,elapsed_ms
decode,IMG_9074.CR3,0,50989120,54.222125
disk,IMG_9074.CR3,0,50989120,40.341125
swap,IMG_9074.CR3,0,50989120,39.289292
ram,IMG_9074.CR3,0,50989120,0.000177
decode,IMG_9074.CR3,1,50989120,54.547750
disk,IMG_9074.CR3,1,50989120,38.604959
swap,IMG_9074.CR3,1,50989120,37.942958
ram,IMG_9074.CR3,1,50989120,0.000226
decode,IMG_9074.CR3,2,50989120,55.273958
disk,IMG_9074.CR3,2,50989120,38.851750
swap,IMG_9074.CR3,2,50989120,37.714834
ram,IMG_9074.CR3,2,50989120,0.000193
decode,IMG_9074.CR3,3,50989120,54.327250
disk,IMG_9074.CR3,3,50989120,37.923333
swap,IMG_9074.CR3,3,50989120,37.487875
ram,IMG_9074.CR3,3,50989120,0.000212
decode,IMG_9074.CR3,4,50989120,52.898291
disk,IMG_9074.CR3,4,50989120,38.859458
swap,IMG_9074.CR3,4,50989120,37.419333
ram,IMG_9074.CR3,4,50989120,0.000202
decode,IMG_9074.CR3,5,50989120,53.101375
disk,IMG_9074.CR3,5,50989120,38.598750
swap,IMG_9074.CR3,5,50989120,37.565333
ram,IMG_9074.CR3,5,50989120,0.000178
decode,IMG_9074.CR3,6,50989120,55.855708
disk,IMG_9074.CR3,6,50989120,37.954625
swap,IMG_9074.CR3,6,50989120,37.806375
ram,IMG_9074.CR3,6,50989120,0.000199
decode,IMG_9074.CR3,7,50989120,53.158084
disk,IMG_9074.CR3,7,50989120,37.758625
swap,IMG_9074.CR3,7,50989120,37.706500
ram,IMG_9074.CR3,7,50989120,0.000197
decode,IMG_9074.CR3,8,50989120,55.197792
disk,IMG_9074.CR3,8,50989120,38.307750
swap,IMG_9074.CR3,8,50989120,38.318834
ram,IMG_9074.CR3,8,50989120,0.000233
decode,IMG_9074.CR3,9,50989120,55.610542
disk,IMG_9074.CR3,9,50989120,38.874041
swap,IMG_9074.CR3,9,50989120,37.238708
ram,IMG_9074.CR3,9,50989120,0.000195
decode,IMG_9074.CR3,10,50989120,55.609750
disk,IMG_9074.CR3,10,50989120,40.422834
swap,IMG_9074.CR3,10,50989120,38.771917
ram,IMG_9074.CR3,10,50989120,0.000259
decode,IMG_9074.CR3,11,50989120,55.964792
disk,IMG_9074.CR3,11,50989120,40.574542
swap,IMG_9074.CR3,11,50989120,40.180625
ram,IMG_9074.CR3,11,50989120,0.000244
decode,IMG_9074.CR3,12,50989120,60.111750
disk,IMG_9074.CR3,12,50989120,42.814416
swap,IMG_9074.CR3,12,50989120,39.683250
ram,IMG_9074.CR3,12,50989120,0.000199
decode,IMG_9074.CR3,13,50989120,57.542292
disk,IMG_9074.CR3,13,50989120,40.935291
swap,IMG_9074.CR3,13,50989120,39.109875
ram,IMG_9074.CR3,13,50989120,0.000191
decode,IMG_9074.CR3,14,50989120,56.348291
disk,IMG_9074.CR3,14,50989120,40.997667
swap,IMG_9074.CR3,14,50989120,40.158333
ram,IMG_9074.CR3,14,50989120,0.000176
decode,IMG_9074.CR3,15,50989120,56.816250
disk,IMG_9074.CR3,15,50989120,40.928459
swap,IMG_9074.CR3,15,50989120,39.723250
ram,IMG_9074.CR3,15,50989120,0.000208
