kind,fixture,iteration,width,height,swap_restore_ms,upload_enqueue_ms,halo_pack_ms,row_pack_ms,enqueue_write_ms,frame_complete_ms,total_ms
sample,rrrah-10d.crw,1,3152,2068,8.806,3.465,0.808,0.658,1.879,4.220,16.527
sample,rrrah-10d.crw,2,3152,2068,8.396,3.298,0.780,0.660,1.729,4.158,15.894
sample,rrrah-10d.crw,3,3152,2068,8.402,3.466,0.792,0.783,1.773,4.189,16.099
sample,rrrah-10d.crw,4,3152,2068,8.409,3.443,0.778,0.810,1.735,4.190,16.083
sample,rrrah-10d.crw,5,3152,2068,8.567,3.222,0.768,0.585,1.768,4.156,15.981
sample,rrrah-10d.crw,6,3152,2068,8.423,3.869,0.816,0.713,2.236,4.246,16.576
sample,rrrah-10d.crw,7,3152,2068,8.402,3.685,0.807,0.756,2.003,4.137,16.261
sample,rrrah-10d.crw,8,3152,2068,8.380,3.458,0.758,0.774,1.814,4.187,16.065
sample,rrrah-10d.crw,9,3152,2068,8.381,3.237,0.762,0.604,1.782,4.118,15.770
sample,rrrah-10d.crw,10,3152,2068,8.397,3.514,0.780,0.753,1.875,4.231,16.179
sample,rrrah-10d.crw,11,3152,2068,8.392,3.369,0.755,0.777,1.745,4.138,15.933
sample,rrrah-10d.crw,12,3152,2068,8.248,3.378,0.717,0.762,1.813,4.146,15.803
sample,rrrah-10d.crw,13,3152,2068,8.259,3.195,0.714,0.554,1.852,4.102,15.586
sample,rrrah-10d.crw,14,3152,2068,8.238,3.235,0.722,0.556,1.871,4.133,15.640
sample,rrrah-10d.crw,15,3152,2068,8.253,3.228,0.734,0.565,1.838,4.094,15.606
resident,rrrah-10d.crw,3,1920,1080,,,,,,,1.489
resident,rrrah-10d.crw,4,1920,1080,,,,,,,3.103
resident,rrrah-10d.crw,5,1920,1080,,,,,,,1.437
resident,rrrah-10d.crw,6,1920,1080,,,,,,,3.097
resident,rrrah-10d.crw,7,1920,1080,,,,,,,1.212
resident,rrrah-10d.crw,8,1920,1080,,,,,,,3.114
resident,rrrah-10d.crw,9,1920,1080,,,,,,,1.244
resident,rrrah-10d.crw,10,1920,1080,,,,,,,2.845
resident,rrrah-10d.crw,11,1920,1080,,,,,,,1.406
resident,rrrah-10d.crw,12,1920,1080,,,,,,,2.951
resident,rrrah-10d.crw,13,1920,1080,,,,,,,1.214
resident,rrrah-10d.crw,14,1920,1080,,,,,,,1.930
resident,rrrah-10d.crw,15,1920,1080,,,,,,,1.385
resident,rrrah-10d.crw,16,1920,1080,,,,,,,2.870
resident,rrrah-10d.crw,17,1920,1080,,,,,,,1.248
resident,rrrah-10d.crw,18,1920,1080,,,,,,,1.819
resident,rrrah-10d.crw,19,1920,1080,,,,,,,0.785
resident,rrrah-10d.crw,20,1920,1080,,,,,,,2.533
resident,rrrah-10d.crw,21,1920,1080,,,,,,,1.191
resident,rrrah-10d.crw,22,1920,1080,,,,,,,1.999
resident,rrrah-10d.crw,23,1920,1080,,,,,,,0.771
resident,rrrah-10d.crw,24,1920,1080,,,,,,,1.661
resident,rrrah-10d.crw,25,1920,1080,,,,,,,0.773
resident,rrrah-10d.crw,26,1920,1080,,,,,,,1.173
resident,rrrah-10d.crw,27,1920,1080,,,,,,,0.560
resident,rrrah-10d.crw,28,1920,1080,,,,,,,1.220
resident,rrrah-10d.crw,29,1920,1080,,,,,,,0.516
resident,rrrah-10d.crw,30,1920,1080,,,,,,,1.041
resident,rrrah-10d.crw,31,1920,1080,,,,,,,0.527
resident,rrrah-10d.crw,32,1920,1080,,,,,,,1.038
resident,rrrah-10d.crw,33,1920,1080,,,,,,,0.533
resident,rrrah-10d.crw,34,1920,1080,,,,,,,1.049
resident,rrrah-10d.crw,35,1920,1080,,,,,,,0.557
resident,rrrah-10d.crw,36,1920,1080,,,,,,,1.152
resident,rrrah-10d.crw,37,1920,1080,,,,,,,0.551
resident,rrrah-10d.crw,38,1920,1080,,,,,,,1.186
resident,rrrah-10d.crw,39,1920,1080,,,,,,,0.591
resident,rrrah-10d.crw,40,1920,1080,,,,,,,1.038
resident,rrrah-10d.crw,41,1920,1080,,,,,,,0.517
resident,rrrah-10d.crw,42,1920,1080,,,,,,,1.048
resident,rrrah-10d.crw,43,1920,1080,,,,,,,0.501
resident,rrrah-10d.crw,44,1920,1080,,,,,,,1.036
resident,rrrah-10d.crw,45,1920,1080,,,,,,,0.511
resident,rrrah-10d.crw,46,1920,1080,,,,,,,1.659
resident,rrrah-10d.crw,47,1920,1080,,,,,,,0.739
resident,rrrah-10d.crw,48,1920,1080,,,,,,,1.642
resident,rrrah-10d.crw,49,1920,1080,,,,,,,0.762
resident,rrrah-10d.crw,50,1920,1080,,,,,,,1.663
resident,rrrah-10d.crw,51,1920,1080,,,,,,,0.782
resident,rrrah-10d.crw,52,1920,1080,,,,,,,1.370
resident,rrrah-10d.crw,53,1920,1080,,,,,,,0.736
resident,rrrah-10d.crw,54,1920,1080,,,,,,,1.658
resident,rrrah-10d.crw,55,1920,1080,,,,,,,0.754
resident,rrrah-10d.crw,56,1920,1080,,,,,,,1.662
resident,rrrah-10d.crw,57,1920,1080,,,,,,,0.681
resident,rrrah-10d.crw,58,1920,1080,,,,,,,1.334
resident,rrrah-10d.crw,59,1920,1080,,,,,,,0.606
resident,rrrah-10d.crw,60,1920,1080,,,,,,,1.494
resident,rrrah-10d.crw,61,1920,1080,,,,,,,0.745
resident,rrrah-10d.crw,62,1920,1080,,,,,,,1.653
